Broker,Cloudlet ID,VM ID,Execution Time,Start Time,Finish Time,CPU Utilization Start,CPU Utilization Finish
DatacenterBrokerSimple,0,0,21,0,22,1,1
DatacenterBrokerSimple,3,0,28,0,28,1,1
DatacenterBrokerSimple,13,1,36,0,36,1,1
DatacenterBrokerSimple,1,1,37,0,37,1,1
DatacenterBrokerSimple,4,1,38,0,38,1,1
DatacenterBrokerSimple,6,0,29,22,51,1,1
DatacenterBrokerSimple,9,0,29,28,57,1,1
DatacenterBrokerSimple,49,1,27,36,63,1,1
DatacenterBrokerSimple,7,1,29,38,67,1,1
DatacenterBrokerSimple,19,1,31,38,69,1,1
DatacenterBrokerSimple,16,1,36,36,72,1,1
DatacenterBrokerSimple,45,0,24,51,74,1,1
DatacenterBrokerSimple,15,0,28,51,79,1,1
DatacenterBrokerSimple,10,1,29,67,96,1,1
DatacenterBrokerSimple,28,1,28,69,97,1,1
DatacenterBrokerSimple,21,0,22,74,97,1,1
DatacenterBrokerSimple,30,0,28,79,107,1,1
DatacenterBrokerSimple,48,0,22,97,119,1,1
DatacenterBrokerSimple,31,1,36,96,132,1,1
DatacenterBrokerSimple,22,1,37,96,133,1,1
DatacenterBrokerSimple,12,0,28,119,147,1,1
DatacenterBrokerSimple,5,2,148,0,148,1,1
DatacenterBrokerSimple,2,2,156,0,156,1,1
DatacenterBrokerSimple,25,1,28,132,161,1,1
DatacenterBrokerSimple,40,1,29,133,162,1,1
DatacenterBrokerSimple,18,0,23,147,170,1,1
DatacenterBrokerSimple,8,2,176,0,176,1,1
DatacenterBrokerSimple,46,1,27,162,189,1,1
DatacenterBrokerSimple,34,1,32,161,193,1,1
DatacenterBrokerSimple,24,0,28,170,198,1,1
DatacenterBrokerSimple,27,0,29,198,227,1,1
DatacenterBrokerSimple,37,1,36,193,229,1,1
DatacenterBrokerSimple,33,0,22,227,249,1,1
DatacenterBrokerSimple,43,1,30,229,260,1,1
DatacenterBrokerSimple,36,0,22,249,272,1,1
DatacenterBrokerSimple,39,0,24,272,296,1,1
DatacenterBrokerSimple,42,0,29,296,325,1,1
DatacenterBrokerSimple,17,2,190,148,338,1,1
DatacenterBrokerSimple,11,2,201,156,357,1,1
DatacenterBrokerSimple,23,2,212,156,368,1,1
DatacenterBrokerSimple,14,2,197,176,373,1,1
DatacenterBrokerSimple,38,2,216,176,392,1,1
DatacenterBrokerSimple,44,2,194,338,532,1,1
DatacenterBrokerSimple,47,2,165,368,533,1,1
DatacenterBrokerSimple,29,2,175,373,547,1,1
DatacenterBrokerSimple,41,2,216,338,554,1,1
DatacenterBrokerSimple,26,2,203,357,560,1,1
DatacenterBrokerSimple,32,2,153,560,714,1,1
DatacenterBrokerSimple,20,2,205,547,753,1,1
DatacenterBrokerSimple,35,2,205,714,919,1,1
DatacenterBrokerPSO,5,1,26,0,26,1,1
DatacenterBrokerPSO,2,1,27,0,27,1,1
DatacenterBrokerPSO,3,0,28,0,28,1,1
DatacenterBrokerPSO,1,0,29,0,29,1,1
DatacenterBrokerPSO,41,0,30,0,30,1,1
DatacenterBrokerPSO,6,1,37,0,37,1,1
DatacenterBrokerPSO,17,0,26,28,55,1,1
DatacenterBrokerPSO,44,0,27,30,57,1,1
DatacenterBrokerPSO,8,1,31,28,58,1,1
DatacenterBrokerPSO,4,0,30,29,59,1,1
DatacenterBrokerPSO,9,1,37,26,63,1,1
DatacenterBrokerPSO,11,1,36,37,72,1,1
DatacenterBrokerPSO,49,0,21,57,78,1,1
DatacenterBrokerPSO,7,0,23,59,82,1,1
DatacenterBrokerPSO,38,0,30,55,84,1,1
DatacenterBrokerPSO,28,1,28,63,91,1,1
DatacenterBrokerPSO,15,1,36,59,94,1,1
DatacenterBrokerPSO,23,1,37,59,96,1,1
DatacenterBrokerPSO,26,1,36,73,108,1,1
DatacenterBrokerPSO,13,0,28,82,111,1,1
DatacenterBrokerPSO,14,0,27,85,112,1,1
DatacenterBrokerPSO,45,1,30,94,124,1,1
DatacenterBrokerPSO,30,1,35,91,126,1,1
DatacenterBrokerPSO,21,0,22,112,134,1,1
DatacenterBrokerPSO,19,0,24,111,135,1,1
DatacenterBrokerPSO,18,1,29,108,137,1,1
DatacenterBrokerPSO,46,0,21,135,156,1,1
DatacenterBrokerPSO,0,2,156,0,156,1,1
DatacenterBrokerPSO,29,0,24,134,159,1,1
DatacenterBrokerPSO,20,1,36,127,163,1,1
DatacenterBrokerPSO,47,2,167,0,167,1,1
DatacenterBrokerPSO,10,2,167,0,167,1,1
DatacenterBrokerPSO,22,1,37,137,174,1,1
DatacenterBrokerPSO,48,0,22,156,178,1,1
DatacenterBrokerPSO,24,1,36,163,199,1,1
DatacenterBrokerPSO,32,1,27,174,202,1,1
DatacenterBrokerPSO,16,2,203,0,203,1,1
DatacenterBrokerPSO,12,0,28,178,206,1,1
DatacenterBrokerPSO,25,1,28,199,227,1,1
DatacenterBrokerPSO,33,1,29,202,230,1,1
DatacenterBrokerPSO,27,0,29,206,235,1,1
DatacenterBrokerPSO,36,1,28,230,259,1,1
DatacenterBrokerPSO,34,0,25,235,260,1,1
DatacenterBrokerPSO,35,1,36,227,264,1,1
DatacenterBrokerPSO,39,0,24,260,285,1,1
DatacenterBrokerPSO,40,1,29,264,293,1,1
DatacenterBrokerPSO,37,1,36,259,295,1,1
DatacenterBrokerPSO,43,1,30,295,325,1,1
DatacenterBrokerPSO,42,1,37,293,330,1,1
DatacenterBrokerPSO,31,2,205,156,362,1,1
DatacenterBrokerHeuristic,0,0,21,0,22,1,1
DatacenterBrokerHeuristic,5,1,26,0,26,1,1
DatacenterBrokerHeuristic,14,0,27,0,27,1,1
DatacenterBrokerHeuristic,2,1,27,0,27,1,1
DatacenterBrokerHeuristic,3,1,36,0,36,1,1
DatacenterBrokerHeuristic,9,1,37,0,37,1,1
DatacenterBrokerHeuristic,1,0,29,22,51,1,1
DatacenterBrokerHeuristic,16,0,28,27,55,1,1
DatacenterBrokerHeuristic,45,1,30,26,56,1,1
DatacenterBrokerHeuristic,23,0,29,27,57,1,1
DatacenterBrokerHeuristic,47,1,29,28,57,1,1
DatacenterBrokerHeuristic,41,0,30,27,57,1,1
DatacenterBrokerHeuristic,6,1,37,28,64,1,1
DatacenterBrokerHeuristic,7,1,29,37,66,1,1
DatacenterBrokerHeuristic,4,0,30,51,81,1,1
DatacenterBrokerHeuristic,30,0,28,57,85,1,1
DatacenterBrokerHeuristic,21,1,29,64,93,1,1
DatacenterBrokerHeuristic,13,1,36,57,93,1,1
DatacenterBrokerHeuristic,28,1,28,66,94,1,1
DatacenterBrokerHeuristic,19,0,24,81,105,1,1
DatacenterBrokerHeuristic,32,1,27,94,121,1,1
DatacenterBrokerHeuristic,29,1,31,93,124,1,1
DatacenterBrokerHeuristic,10,0,23,105,128,1,1
DatacenterBrokerHeuristic,31,1,36,93,129,1,1
DatacenterBrokerHeuristic,46,1,27,121,148,1,1
DatacenterBrokerHeuristic,20,0,29,128,157,1,1
DatacenterBrokerHeuristic,12,1,35,129,165,1,1
DatacenterBrokerHeuristic,8,2,175,0,175,1,1
DatacenterBrokerHeuristic,22,0,29,157,186,1,1
DatacenterBrokerHeuristic,27,1,36,165,201,1,1
DatacenterBrokerHeuristic,11,2,202,0,202,1,1
DatacenterBrokerHeuristic,15,2,204,0,204,1,1
DatacenterBrokerHeuristic,25,0,22,186,208,1,1
DatacenterBrokerHeuristic,34,1,32,201,233,1,1
DatacenterBrokerHeuristic,26,0,28,208,236,1,1
DatacenterBrokerHeuristic,39,1,31,234,264,1,1
DatacenterBrokerHeuristic,35,0,29,236,265,1,1
DatacenterBrokerHeuristic,37,0,28,265,294,1,1
DatacenterBrokerHeuristic,42,0,29,294,322,1,1
DatacenterBrokerHeuristic,49,2,150,204,354,1,1
DatacenterBrokerHeuristic,17,2,190,175,365,1,1
DatacenterBrokerHeuristic,40,2,166,202,368,1,1
DatacenterBrokerHeuristic,44,2,194,175,370,1,1
DatacenterBrokerHeuristic,38,2,216,175,391,1,1
DatacenterBrokerHeuristic,48,2,160,368,528,1,1
DatacenterBrokerHeuristic,18,2,164,365,529,1,1
DatacenterBrokerHeuristic,33,2,160,529,690,1,1
DatacenterBrokerHeuristic,24,2,201,528,729,1,1
DatacenterBrokerHeuristic,36,2,160,690,850,1,1
DatacenterBrokerHeuristic,43,2,171,729,901,1,1
