Broker,Cloudlet ID,VM ID,Execution Time,Start Time,Finish Time
DatacenterBrokerSimple,0,0,3,0,3
DatacenterBrokerSimple,1,0,3,0,3
DatacenterBrokerSimple,2,0,3,3,5
DatacenterBrokerSimple,3,0,3,3,5
DatacenterBrokerSimple,4,0,3,6,8
DatacenterBrokerSimple,5,0,3,6,8
DatacenterBrokerSimple,6,0,3,8,11
DatacenterBrokerSimple,7,0,3,8,11
DatacenterBrokerSimple,8,0,3,11,14
DatacenterBrokerSimple,9,0,3,11,14
DatacenterBrokerPSO,0,0,3,0,3
DatacenterBrokerPSO,1,0,3,3,5
DatacenterBrokerPSO,2,0,3,6,8
DatacenterBrokerPSO,3,0,3,8,11
DatacenterBrokerPSO,4,0,3,11,14
DatacenterBrokerPSO,5,0,3,14,16
DatacenterBrokerPSO,6,0,3,16,19
DatacenterBrokerPSO,7,0,3,19,22
DatacenterBrokerPSO,8,0,3,22,25
DatacenterBrokerPSO,9,0,3,25,27
DatacenterBrokerHeuristic,0,0,3,0,3
DatacenterBrokerHeuristic,1,0,3,3,5
DatacenterBrokerHeuristic,2,0,3,6,8
DatacenterBrokerHeuristic,3,0,3,8,11
DatacenterBrokerHeuristic,4,0,3,11,14
DatacenterBrokerHeuristic,5,0,3,14,16
DatacenterBrokerHeuristic,6,0,3,16,19
DatacenterBrokerHeuristic,7,0,3,19,22
DatacenterBrokerHeuristic,8,0,3,22,25
DatacenterBrokerHeuristic,9,0,3,25,27
